{"info":{"year":"2024","version":"3","description":"Exported from roboflow.com","contributor":"","url":"https://public.roboflow.com/object-detection/undefined","date_created":"2024-04-24T14:43:34+00:00"},"licenses":[{"id":1,"url":"https://creativecommons.org/licenses/by/4.0/","name":"CC BY 4.0"}],"categories":[{"id":0,"name":"farmanimals","supercategory":"none"},{"id":1,"name":"boar","supercategory":"farmanimals"},{"id":2,"name":"cat","supercategory":"farmanimals"},{"id":3,"name":"chicken","supercategory":"farmanimals"},{"id":4,"name":"cow","supercategory":"farmanimals"},{"id":5,"name":"dog","supercategory":"farmanimals"},{"id":6,"name":"fox","supercategory":"farmanimals"},{"id":7,"name":"goat","supercategory":"farmanimals"},{"id":8,"name":"pig","supercategory":"farmanimals"},{"id":9,"name":"sheep","supercategory":"farmanimals"}],"images":[{"id":0,"license":1,"file_name":"goat4_jpg.rf.610b5746b4c63a13d8eafb5704c35016.jpg","height":640,"width":640,"date_captured":"2024-04-24T14:43:34+00:00"},{"id":1,"license":1,"file_name":"cat2_jpg.rf.ac5cf0b1fce469afd3248f319a7c5d45.jpg","height":640,"width":640,"date_captured":"2024-04-24T14:43:34+00:00"},{"id":2,"license":1,"file_name":"chicken4_jpg.rf.2914cd27a99c66c43963bd75b98a36fb.jpg","height":640,"width":640,"date_captured":"2024-04-24T14:43:34+00:00"},{"id":3,"license":1,"file_name":"chicken3_jpg.rf.92e5245ac776d3c6549d6754048d923e.jpg","height":640,"width":640,"date_captured":"2024-04-24T14:43:34+00:00"},{"id":4,"license":1,"file_name":"fox2_jpg.rf.0f6af1b04f02e3e52fc9e19e014b9608.jpg","height":640,"width":640,"date_captured":"2024-04-24T14:43:34+00:00"},{"id":5,"license":1,"file_name":"fox4_jpg.rf.523632f082028fa7b36f093469cbadd8.jpg","height":640,"width":640,"date_captured":"2024-04-24T14:43:34+00:00"},{"id":6,"license":1,"file_name":"sheep3_jpg.rf.650e1bb2501f661b42e74560d595b89c.jpg","height":640,"width":640,"date_captured":"2024-04-24T14:43:34+00:00"},{"id":7,"license":1,"file_name":"goat1_jpg.rf.5b0c0880fc91d73f70e2cc10392b7a73.jpg","height":640,"width":640,"date_captured":"2024-04-24T14:43:34+00:00"},{"id":8,"license":1,"file_name":"boar4_jpg.rf.c4de52d76cb1c265a83beacd73ba37b1.jpg","height":640,"width":640,"date_captured":"2024-04-24T14:43:34+00:00"},{"id":9,"license":1,"file_name":"dog4_jpg.rf.36043ba181b356b77627a4e4e0eb7fe1.jpg","height":640,"width":640,"date_captured":"2024-04-24T14:43:34+00:00"},{"id":10,"license":1,"file_name":"cow4_jpg.rf.412e8bfa6ad02b9e65e91fb7509aa6ca.jpg","height":640,"width":640,"date_captured":"2024-04-24T14:43:34+00:00"},{"id":11,"license":1,"file_name":"dog2_jpg.rf.5f02f1e4d92a5861fc2c9e80553b6b19.jpg","height":640,"width":640,"date_captured":"2024-04-24T14:43:34+00:00"},{"id":12,"license":1,"file_name":"sheep2_jpg.rf.ccb712157c2921b1c77f608ee1d7b726.jpg","height":640,"width":640,"date_captured":"2024-04-24T14:43:34+00:00"},{"id":13,"license":1,"file_name":"cow2_jpg.rf.77bed0b7c51ad19b14b084bd97fc86d9.jpg","height":640,"width":640,"date_captured":"2024-04-24T14:43:34+00:00"},{"id":14,"license":1,"file_name":"boar1_jpg.rf.fa76b29974dd12c88aa6c995db18060f.jpg","height":640,"width":640,"date_captured":"2024-04-24T14:43:34+00:00"},{"id":15,"license":1,"file_name":"pig2_jpg.rf.84390363367c7405a36193614740d464.jpg","height":640,"width":640,"date_captured":"2024-04-24T14:43:34+00:00"},{"id":16,"license":1,"file_name":"cat4_jpg.rf.d0e4dc5cfa1c5712a607d2dc4be1cbb4.jpg","height":640,"width":640,"date_captured":"2024-04-24T14:43:34+00:00"},{"id":17,"license":1,"file_name":"pig4_jpg.rf.d0e7285f4833b5cc4e5276027bdeaad9.jpg","height":640,"width":640,"date_captured":"2024-04-24T14:43:34+00:00"}],"annotations":[{"id":0,"image_id":0,"category_id":7,"bbox":[147,193,330.5,322.5],"area":106586.25,"segmentation":[],"iscrowd":0},{"id":1,"image_id":1,"category_id":2,"bbox":[252,12,132,601.5],"area":79398,"segmentation":[],"iscrowd":0},{"id":2,"image_id":2,"category_id":3,"bbox":[208,222,221.5,417.5],"area":92476.25,"segmentation":[],"iscrowd":0},{"id":3,"image_id":2,"category_id":3,"bbox":[40,203,166.5,437],"area":72760.5,"segmentation":[],"iscrowd":0},{"id":4,"image_id":2,"category_id":3,"bbox":[63,15,166.5,191],"area":31801.5,"segmentation":[],"iscrowd":0},{"id":5,"image_id":2,"category_id":3,"bbox":[433,179,197,268],"area":52796,"segmentation":[],"iscrowd":0},{"id":6,"image_id":2,"category_id":3,"bbox":[0,100,46,122.5],"area":5635,"segmentation":[],"iscrowd":0},{"id":7,"image_id":3,"category_id":3,"bbox":[108,294,146.5,302.5],"area":44316.25,"segmentation":[],"iscrowd":0},{"id":8,"image_id":3,"category_id":3,"bbox":[1,320,102.5,217],"area":22242.5,"segmentation":[],"iscrowd":0},{"id":9,"image_id":3,"category_id":3,"bbox":[458,270,140,216],"area":30240,"segmentation":[],"iscrowd":0},{"id":10,"image_id":3,"category_id":3,"bbox":[391,316,63.5,146],"area":9271,"segmentation":[],"iscrowd":0},{"id":11,"image_id":3,"category_id":3,"bbox":[300,336,82,144],"area":11808,"segmentation":[],"iscrowd":0},{"id":12,"image_id":3,"category_id":3,"bbox":[253,317,75.5,113],"area":8531.5,"segmentation":[],"iscrowd":0},{"id":13,"image_id":4,"category_id":6,"bbox":[252,175,363,284.5],"area":103273.5,"segmentation":[],"iscrowd":0},{"id":14,"image_id":5,"category_id":6,"bbox":[446,425,111,151],"area":16761,"segmentation":[],"iscrowd":0},{"id":15,"image_id":6,"category_id":9,"bbox":[389,384,105,202],"area":21210,"segmentation":[],"iscrowd":0},{"id":16,"image_id":6,"category_id":9,"bbox":[156,373,28.5,56],"area":1596,"segmentation":[],"iscrowd":0},{"id":17,"image_id":6,"category_id":9,"bbox":[191,356,28,38],"area":1064,"segmentation":[],"iscrowd":0},{"id":18,"image_id":6,"category_id":9,"bbox":[237,336,28.5,37],"area":1054.5,"segmentation":[],"iscrowd":0},{"id":19,"image_id":6,"category_id":9,"bbox":[265,328,27,37],"area":999,"segmentation":[],"iscrowd":0},{"id":20,"image_id":6,"category_id":9,"bbox":[403,313,49,46.5],"area":2278.5,"segmentation":[],"iscrowd":0},{"id":21,"image_id":6,"category_id":9,"bbox":[457,331,49,64.5],"area":3160.5,"segmentation":[],"iscrowd":0},{"id":22,"image_id":7,"category_id":7,"bbox":[45,51,551,552],"area":304152,"segmentation":[],"iscrowd":0},{"id":23,"image_id":8,"category_id":1,"bbox":[123,147,436.5,381.5],"area":166524.75,"segmentation":[],"iscrowd":0},{"id":24,"image_id":9,"category_id":5,"bbox":[144,161,191.5,448],"area":85792,"segmentation":[],"iscrowd":0},{"id":25,"image_id":10,"category_id":4,"bbox":[151,202,351.5,357.5],"area":125661.25,"segmentation":[],"iscrowd":0},{"id":26,"image_id":11,"category_id":5,"bbox":[218,309,191.5,104.5],"area":20011.75,"segmentation":[],"iscrowd":0},{"id":27,"image_id":12,"category_id":9,"bbox":[144,159,368.5,379],"area":139661.5,"segmentation":[],"iscrowd":0},{"id":28,"image_id":13,"category_id":4,"bbox":[123,222,226.5,322],"area":72933,"segmentation":[],"iscrowd":0},{"id":29,"image_id":14,"category_id":1,"bbox":[222,247,94.5,86],"area":8127,"segmentation":[],"iscrowd":0},{"id":30,"image_id":14,"category_id":1,"bbox":[322,270,103,123.5],"area":12720.5,"segmentation":[],"iscrowd":0},{"id":31,"image_id":14,"category_id":1,"bbox":[147,280,57.5,60],"area":3450,"segmentation":[],"iscrowd":0},{"id":32,"image_id":15,"category_id":8,"bbox":[5,177,608,387],"area":235296,"segmentation":[],"iscrowd":0},{"id":33,"image_id":16,"category_id":2,"bbox":[15,41,237,423],"area":100251,"segmentation":[],"iscrowd":0},{"id":34,"image_id":17,"category_id":8,"bbox":[120,310,76.5,96],"area":7344,"segmentation":[],"iscrowd":0},{"id":35,"image_id":17,"category_id":8,"bbox":[215,282,40,78.5],"area":3140,"segmentation":[],"iscrowd":0},{"id":36,"image_id":17,"category_id":8,"bbox":[260,324,36.5,79],"area":2883.5,"segmentation":[],"iscrowd":0},{"id":37,"image_id":17,"category_id":8,"bbox":[306,336,38.5,103],"area":3965.5,"segmentation":[],"iscrowd":0},{"id":38,"image_id":17,"category_id":8,"bbox":[399,340,37.5,95],"area":3562.5,"segmentation":[],"iscrowd":0},{"id":39,"image_id":17,"category_id":8,"bbox":[442,322,26,74.5],"area":1937,"segmentation":[],"iscrowd":0},{"id":40,"image_id":17,"category_id":8,"bbox":[382,295,30.5,49.5],"area":1509.75,"segmentation":[],"iscrowd":0},{"id":41,"image_id":17,"category_id":8,"bbox":[346,319,25,73],"area":1825,"segmentation":[],"iscrowd":0},{"id":42,"image_id":17,"category_id":8,"bbox":[308,281,26.5,51],"area":1351.5,"segmentation":[],"iscrowd":0},{"id":43,"image_id":17,"category_id":8,"bbox":[308,240,39.5,43],"area":1698.5,"segmentation":[],"iscrowd":0},{"id":44,"image_id":17,"category_id":8,"bbox":[365,269,17,33.5],"area":569.5,"segmentation":[],"iscrowd":0},{"id":45,"image_id":17,"category_id":8,"bbox":[383,260,14,29],"area":406,"segmentation":[],"iscrowd":0},{"id":46,"image_id":17,"category_id":8,"bbox":[371,312,15,47],"area":705,"segmentation":[],"iscrowd":0},{"id":47,"image_id":17,"category_id":8,"bbox":[265,297,35.5,28],"area":994,"segmentation":[],"iscrowd":0}]}