fox2_jpg.rf.0f6af1b04f02e3e52fc9e19e014b9608.jpg,252,175,615,460,fox
cat1_jpg.rf.e1bd2ec72498d1e3b7e5276d6b2835ca.jpg,161,108,420,442,cat
dog2_jpg.rf.5f02f1e4d92a5861fc2c9e80553b6b19.jpg,218,309,410,413,dog
goat4_jpg.rf.610b5746b4c63a13d8eafb5704c35016.jpg,147,193,477,516,goat
chicken4_jpg.rf.2914cd27a99c66c43963bd75b98a36fb.jpg,208,222,430,640,chicken
chicken4_jpg.rf.2914cd27a99c66c43963bd75b98a36fb.jpg,40,203,206,640,chicken
chicken4_jpg.rf.2914cd27a99c66c43963bd75b98a36fb.jpg,63,15,230,206,chicken
chicken4_jpg.rf.2914cd27a99c66c43963bd75b98a36fb.jpg,433,179,630,447,chicken
chicken4_jpg.rf.2914cd27a99c66c43963bd75b98a36fb.jpg,0,100,46,222,chicken
dog4_jpg.rf.36043ba181b356b77627a4e4e0eb7fe1.jpg,144,161,336,609,dog
fox4_jpg.rf.523632f082028fa7b36f093469cbadd8.jpg,446,425,557,576,fox
cow4_jpg.rf.412e8bfa6ad02b9e65e91fb7509aa6ca.jpg,151,202,502,559,cow
pig4_jpg.rf.d0e7285f4833b5cc4e5276027bdeaad9.jpg,120,310,197,406,pig
pig4_jpg.rf.d0e7285f4833b5cc4e5276027bdeaad9.jpg,215,282,255,360,pig
pig4_jpg.rf.d0e7285f4833b5cc4e5276027bdeaad9.jpg,260,324,297,403,pig
pig4_jpg.rf.d0e7285f4833b5cc4e5276027bdeaad9.jpg,306,336,345,439,pig
pig4_jpg.rf.d0e7285f4833b5cc4e5276027bdeaad9.jpg,399,340,437,435,pig
pig4_jpg.rf.d0e7285f4833b5cc4e5276027bdeaad9.jpg,442,322,468,397,pig
pig4_jpg.rf.d0e7285f4833b5cc4e5276027bdeaad9.jpg,382,295,412,345,pig
pig4_jpg.rf.d0e7285f4833b5cc4e5276027bdeaad9.jpg,346,319,371,392,pig
pig4_jpg.rf.d0e7285f4833b5cc4e5276027bdeaad9.jpg,308,281,334,332,pig
pig4_jpg.rf.d0e7285f4833b5cc4e5276027bdeaad9.jpg,308,240,348,283,pig
pig4_jpg.rf.d0e7285f4833b5cc4e5276027bdeaad9.jpg,365,269,382,302,pig
pig4_jpg.rf.d0e7285f4833b5cc4e5276027bdeaad9.jpg,383,260,397,289,pig
pig4_jpg.rf.d0e7285f4833b5cc4e5276027bdeaad9.jpg,371,312,386,359,pig
pig4_jpg.rf.d0e7285f4833b5cc4e5276027bdeaad9.jpg,265,297,300,325,pig
sheep4_jpg.rf.72c0453118c20cd8465607c41fdfefc2.jpg,163,75,470,527,sheep
sheep4_jpg.rf.72c0453118c20cd8465607c41fdfefc2.jpg,208,333,418,605,sheep
sheep3_jpg.rf.650e1bb2501f661b42e74560d595b89c.jpg,389,384,494,586,sheep
sheep3_jpg.rf.650e1bb2501f661b42e74560d595b89c.jpg,156,373,184,429,sheep
sheep3_jpg.rf.650e1bb2501f661b42e74560d595b89c.jpg,191,356,219,394,sheep
sheep3_jpg.rf.650e1bb2501f661b42e74560d595b89c.jpg,237,336,266,373,sheep
sheep3_jpg.rf.650e1bb2501f661b42e74560d595b89c.jpg,265,328,292,365,sheep
sheep3_jpg.rf.650e1bb2501f661b42e74560d595b89c.jpg,403,313,452,360,sheep
sheep3_jpg.rf.650e1bb2501f661b42e74560d595b89c.jpg,457,331,506,396,sheep
cat2_jpg.rf.ac5cf0b1fce469afd3248f319a7c5d45.jpg,252,12,384,613,cat
goat1_jpg.rf.5b0c0880fc91d73f70e2cc10392b7a73.jpg,45,51,596,603,goat
sheep2_jpg.rf.ccb712157c2921b1c77f608ee1d7b726.jpg,144,159,512,538,sheep
goat3_jpg.rf.00be2036b2d78f88a9fc3192634e2927.jpg,91,93,387,439,goat
goat3_jpg.rf.00be2036b2d78f88a9fc3192634e2927.jpg,413,208,502,360,goat
goat3_jpg.rf.00be2036b2d78f88a9fc3192634e2927.jpg,515,214,626,369,goat
pig2_jpg.rf.84390363367c7405a36193614740d464.jpg,5,177,613,564,pig
boar3_jpg.rf.5dd5a80c90afc73e487882657eec72fa.jpg,147,2,638,603,boar
boar3_jpg.rf.5dd5a80c90afc73e487882657eec72fa.jpg,5,0,234,225,boar
pig1_jpg.rf.8cace105c2b62b1434da3b86e665002a.jpg,63,0,452,623,pig
cat4_jpg.rf.d0e4dc5cfa1c5712a607d2dc4be1cbb4.jpg,15,41,252,464,cat
fox3_jpg.rf.b98b3352f11d9953ed68b61dd48f6457.jpg,120,320,532,499,fox
cow2_jpg.rf.77bed0b7c51ad19b14b084bd97fc86d9.jpg,123,222,349,544,cow
chicken3_jpg.rf.92e5245ac776d3c6549d6754048d923e.jpg,108,294,254,596,chicken
chicken3_jpg.rf.92e5245ac776d3c6549d6754048d923e.jpg,1,320,104,537,chicken
chicken3_jpg.rf.92e5245ac776d3c6549d6754048d923e.jpg,458,270,598,486,chicken
chicken3_jpg.rf.92e5245ac776d3c6549d6754048d923e.jpg,391,316,454,462,chicken
chicken3_jpg.rf.92e5245ac776d3c6549d6754048d923e.jpg,300,336,382,480,chicken
chicken3_jpg.rf.92e5245ac776d3c6549d6754048d923e.jpg,253,317,328,430,chicken
cow1_jpg.rf.57d60f51743e6b6987822afbaa62ccca.jpg,152,247,451,578,cow
chicken1_jpg.rf.0775944c0fd01291f354711a133dd716.jpg,126,131,511,528,chicken
boar1_jpg.rf.fa76b29974dd12c88aa6c995db18060f.jpg,222,247,316,333,boar
boar1_jpg.rf.fa76b29974dd12c88aa6c995db18060f.jpg,322,270,425,393,boar
boar1_jpg.rf.fa76b29974dd12c88aa6c995db18060f.jpg,147,280,204,340,boar
dog1_jpg.rf.a2c4ba8cb3f18c06f65ab72875fb935e.jpg,183,248,476,577,dog