filename,width,height,class,xmin,ymin,xmax,ymax
goat4_jpg.rf.610b5746b4c63a13d8eafb5704c35016.jpg,640,640,goat,147,193,477,516
goat3_jpg.rf.00be2036b2d78f88a9fc3192634e2927.jpg,640,640,goat,91,93,387,439
goat3_jpg.rf.00be2036b2d78f88a9fc3192634e2927.jpg,640,640,goat,413,208,502,360
goat3_jpg.rf.00be2036b2d78f88a9fc3192634e2927.jpg,640,640,goat,515,214,626,369
sheep4_jpg.rf.72c0453118c20cd8465607c41fdfefc2.jpg,640,640,sheep,163,75,470,527
sheep4_jpg.rf.72c0453118c20cd8465607c41fdfefc2.jpg,640,640,sheep,208,333,418,605
chicken4_jpg.rf.2914cd27a99c66c43963bd75b98a36fb.jpg,640,640,chicken,208,222,430,640
chicken4_jpg.rf.2914cd27a99c66c43963bd75b98a36fb.jpg,640,640,chicken,40,203,206,640
chicken4_jpg.rf.2914cd27a99c66c43963bd75b98a36fb.jpg,640,640,chicken,63,15,230,206
chicken4_jpg.rf.2914cd27a99c66c43963bd75b98a36fb.jpg,640,640,chicken,433,179,630,447
chicken4_jpg.rf.2914cd27a99c66c43963bd75b98a36fb.jpg,640,640,chicken,0,100,46,222
fox2_jpg.rf.0f6af1b04f02e3e52fc9e19e014b9608.jpg,640,640,fox,252,175,615,460
cat1_jpg.rf.e1bd2ec72498d1e3b7e5276d6b2835ca.jpg,640,640,cat,161,108,420,442
sheep3_jpg.rf.650e1bb2501f661b42e74560d595b89c.jpg,640,640,sheep,389,384,494,586
sheep3_jpg.rf.650e1bb2501f661b42e74560d595b89c.jpg,640,640,sheep,156,373,184,429
sheep3_jpg.rf.650e1bb2501f661b42e74560d595b89c.jpg,640,640,sheep,191,356,219,394
sheep3_jpg.rf.650e1bb2501f661b42e74560d595b89c.jpg,640,640,sheep,237,336,266,373
sheep3_jpg.rf.650e1bb2501f661b42e74560d595b89c.jpg,640,640,sheep,265,328,292,365
sheep3_jpg.rf.650e1bb2501f661b42e74560d595b89c.jpg,640,640,sheep,403,313,452,360
sheep3_jpg.rf.650e1bb2501f661b42e74560d595b89c.jpg,640,640,sheep,457,331,506,396
chicken3_jpg.rf.92e5245ac776d3c6549d6754048d923e.jpg,640,640,chicken,108,294,254,596
chicken3_jpg.rf.92e5245ac776d3c6549d6754048d923e.jpg,640,640,chicken,1,320,104,537
chicken3_jpg.rf.92e5245ac776d3c6549d6754048d923e.jpg,640,640,chicken,458,270,598,486
chicken3_jpg.rf.92e5245ac776d3c6549d6754048d923e.jpg,640,640,chicken,391,316,454,462
chicken3_jpg.rf.92e5245ac776d3c6549d6754048d923e.jpg,640,640,chicken,300,336,382,480
chicken3_jpg.rf.92e5245ac776d3c6549d6754048d923e.jpg,640,640,chicken,253,317,328,430
goat1_jpg.rf.5b0c0880fc91d73f70e2cc10392b7a73.jpg,640,640,goat,45,51,596,603
cat4_jpg.rf.d0e4dc5cfa1c5712a607d2dc4be1cbb4.jpg,640,640,cat,15,41,252,464
pig1_jpg.rf.8cace105c2b62b1434da3b86e665002a.jpg,640,640,pig,63,0,452,623
chicken1_jpg.rf.0775944c0fd01291f354711a133dd716.jpg,640,640,chicken,126,131,511,528
cow4_jpg.rf.412e8bfa6ad02b9e65e91fb7509aa6ca.jpg,640,640,cow,151,202,502,559
dog2_jpg.rf.5f02f1e4d92a5861fc2c9e80553b6b19.jpg,640,640,dog,218,309,410,413
dog1_jpg.rf.a2c4ba8cb3f18c06f65ab72875fb935e.jpg,640,640,dog,183,248,476,577
pig2_jpg.rf.84390363367c7405a36193614740d464.jpg,640,640,pig,5,177,613,564
dog4_jpg.rf.36043ba181b356b77627a4e4e0eb7fe1.jpg,640,640,dog,144,161,336,609
cat2_jpg.rf.ac5cf0b1fce469afd3248f319a7c5d45.jpg,640,640,cat,252,12,384,613
pig4_jpg.rf.d0e7285f4833b5cc4e5276027bdeaad9.jpg,640,640,pig,120,310,197,406
pig4_jpg.rf.d0e7285f4833b5cc4e5276027bdeaad9.jpg,640,640,pig,215,282,255,360
pig4_jpg.rf.d0e7285f4833b5cc4e5276027bdeaad9.jpg,640,640,pig,260,324,297,403
pig4_jpg.rf.d0e7285f4833b5cc4e5276027bdeaad9.jpg,640,640,pig,306,336,345,439
pig4_jpg.rf.d0e7285f4833b5cc4e5276027bdeaad9.jpg,640,640,pig,399,340,437,435
pig4_jpg.rf.d0e7285f4833b5cc4e5276027bdeaad9.jpg,640,640,pig,442,322,468,397
pig4_jpg.rf.d0e7285f4833b5cc4e5276027bdeaad9.jpg,640,640,pig,382,295,412,345
pig4_jpg.rf.d0e7285f4833b5cc4e5276027bdeaad9.jpg,640,640,pig,346,319,371,392
pig4_jpg.rf.d0e7285f4833b5cc4e5276027bdeaad9.jpg,640,640,pig,308,281,334,332
pig4_jpg.rf.d0e7285f4833b5cc4e5276027bdeaad9.jpg,640,640,pig,308,240,348,283
pig4_jpg.rf.d0e7285f4833b5cc4e5276027bdeaad9.jpg,640,640,pig,365,269,382,302
pig4_jpg.rf.d0e7285f4833b5cc4e5276027bdeaad9.jpg,640,640,pig,383,260,397,289
pig4_jpg.rf.d0e7285f4833b5cc4e5276027bdeaad9.jpg,640,640,pig,371,312,386,359
pig4_jpg.rf.d0e7285f4833b5cc4e5276027bdeaad9.jpg,640,640,pig,265,297,300,325
boar3_jpg.rf.5dd5a80c90afc73e487882657eec72fa.jpg,640,640,boar,147,2,638,603
boar3_jpg.rf.5dd5a80c90afc73e487882657eec72fa.jpg,640,640,boar,5,0,234,225
sheep2_jpg.rf.ccb712157c2921b1c77f608ee1d7b726.jpg,640,640,sheep,144,159,512,538
fox4_jpg.rf.523632f082028fa7b36f093469cbadd8.jpg,640,640,fox,446,425,557,576
cow1_jpg.rf.57d60f51743e6b6987822afbaa62ccca.jpg,640,640,cow,152,247,451,578
cow2_jpg.rf.77bed0b7c51ad19b14b084bd97fc86d9.jpg,640,640,cow,123,222,349,544
boar1_jpg.rf.fa76b29974dd12c88aa6c995db18060f.jpg,640,640,boar,222,247,316,333
boar1_jpg.rf.fa76b29974dd12c88aa6c995db18060f.jpg,640,640,boar,322,270,425,393
boar1_jpg.rf.fa76b29974dd12c88aa6c995db18060f.jpg,640,640,boar,147,280,204,340
fox3_jpg.rf.b98b3352f11d9953ed68b61dd48f6457.jpg,640,640,fox,120,320,532,499